{"assets/icons/avatar.png":["assets/icons/avatar.png"],"assets/icons/bg.png":["assets/icons/bg.png"],"assets/icons/circle.png":["assets/icons/circle.png"],"assets/icons/coin_gif.gif":["assets/icons/coin_gif.gif"],"assets/icons/ic_belt.png":["assets/icons/ic_belt.png"],"assets/icons/ic_error_network.svg":["assets/icons/ic_error_network.svg"],"assets/icons/ic_error_no_data.svg":["assets/icons/ic_error_no_data.svg"],"assets/icons/ic_error_server.svg":["assets/icons/ic_error_server.svg"],"assets/icons/ic_fire.png":["assets/icons/ic_fire.png"],"assets/icons/ic_gif_goldbox.gif":["assets/icons/ic_gif_goldbox.gif"],"assets/icons/ic_gif_goldbox.jpg":["assets/icons/ic_gif_goldbox.jpg"],"assets/icons/ic_gif_moving.gif":["assets/icons/ic_gif_moving.gif"],"assets/icons/ic_reward_1.png":["assets/icons/ic_reward_1.png"],"assets/icons/ic_reward_2.png":["assets/icons/ic_reward_2.png"],"assets/icons/ic_spin.png":["assets/icons/ic_spin.png"],"assets/icons/ic_toolbar_back.svg":["assets/icons/ic_toolbar_back.svg"],"assets/icons/ic_wheel.png":["assets/icons/ic_wheel.png"],"assets/icons/start.png":["assets/icons/start.png"],"packages/cupertino_icons/assets/CupertinoIcons.ttf":["packages/cupertino_icons/assets/CupertinoIcons.ttf"]}